PRAGMA foreign_keys = ON;

-- STORES
INSERT INTO stores (store_id, store_name) VALUES
  (1, 'סופר פארם'),
  (2, 'ארומה'),
  (3, 'טבע נאות'),
  (4, 'אופטיקנה');

INSERT INTO store_navigation (store_id, map_target_id, route_path_d) VALUES
  (1, 'superpharm', 'M79 792.5C112.2 790.9 443.167 791.833 604.5 792.5H855.5L956.5 737H1310'),
  (2, 'aroma',      'M87 795H636.5L683.5 931.5L739 994.5V2249.5L563 2338.5L531.5 2407.5L593 2494.5L608.5 2522V3057.5'),
  (3, 'teva_naot',  'M85 793H648V880L741 988.5V2283V2300.5H357.5'),
  (4, 'opticana',   'M87 791H648V880L743 988.5V2283V2297H545.5V2435L612.5 2504.5V2945');


-- COUPONS (rule: STORENAME_IN_UPPERCASE + store_id)
INSERT INTO coupons (store_id, coupon_code) VALUES
  (1, 'SUPERPHARM1'),
  (2, 'AROMA2'),
  (3, 'TEVANAOT3'),
  (4, 'OPTICANA4');

-- PRODUCTS
-- 1) סופר פארם
INSERT INTO products (product_name, category, store_id) VALUES
  ('אקומול', 'בריאות', 1),
  ('נורופן', 'בריאות', 1),
  ('נוטרילון', 'מזון תינוקות', 1),
  ('ACUVUE', 'אופטיקה- עדשות מגע', 1),
  ('Ray-ban', 'אופטיקה- משקפי שמש', 1);

-- 2) ארומה
INSERT INTO products (product_name, category, store_id) VALUES
  ('אספרסו', 'משקאות חמים - קפה', 2),
  ('דניס קינמון', 'מאפים', 2),
  ('בורקס גבינה', 'מאפים', 2),
  ('שקשוקה', 'ארוחות בוקר', 2),
  ('לימונדה', 'משקאות קרים', 2);

-- 3) טבע נאות
INSERT INTO products (product_name, category, store_id) VALUES
  ('נעלי בית', 'הנעלה', 3),
  ('סנדלים', 'הנעלה', 3),
  ('נעלי הליכה', 'הנעלה', 3),
  ('נעלי ריצה', 'הנעלה', 3),
  ('סניקרס', 'הנעלה', 3);

-- 4) אופטיקנה
INSERT INTO products (product_name, category, store_id) VALUES
  ('עדשות מגע יומיות', 'אופטיקה', 4),
  ('עדשות מגע חודשיות', 'אופטיקה', 4),
  ('משקפי ראייה', 'אופטיקה', 4),
  ('משקפי שמש', 'אופטיקה', 4),
  ('נוזל לשימור עדשות מגע', 'אופטיקה', 4);


INSERT INTO ads (store_id, ad_type, asset_url, trigger)VALUES
(1, 'image', '/assets/super_pharm.jpg', 'default'),
(2, 'image', '/assets/aroma.jpg', 'default'),
(3, 'image', '/assets/teva_naot.jpg', 'default'),
(4, 'image', '/assets/opticana.jpg', 'default');